424, 432, 492, 565
468, 530, 526, 602
510, 511, 549, 564
542, 522, 584, 558
571, 525, 606, 556
586, 508, 637, 564
629, 513, 678, 586
688, 512, 744, 586
686, 429, 791, 552
758, 516, 791, 558
794, 515, 818, 556
820, 512, 850, 557
842, 501, 886, 556
892, 502, 926, 551
920, 516, 953, 551
973, 556, 945, 518
960, 512, 990, 558
952, 496, 1026, 556
1038, 500, 1082, 544
1059, 454, 1130, 545
1114, 506, 1149, 545
1174, 544, 1141, 502
1170, 505, 1212, 544
1191, 498, 1251, 572
1364, 521, 1416, 597
1384, 456, 1473, 568
1428, 526, 1459, 559
1462, 530, 1488, 568
1484, 528, 1519, 568
1511, 530, 1543, 566
1530, 536, 1556, 569
1526, 512, 1605, 571
1623, 527, 1653, 561
1617, 421, 1712, 564
1685, 528, 1710, 565
1710, 526, 1738, 565
1733, 523, 1772, 583
1756, 495, 1799, 568
1785, 531, 1827, 598
428, 592, 462, 642
463, 610, 490, 641
485, 585, 515, 636
520, 607, 550, 635
546, 600, 579, 640
567, 596, 599, 628
592, 572, 635, 630
620, 592, 662, 664
1026, 585, 1069, 624
1057, 579, 1090, 622
1072, 556, 1130, 620
1109, 590, 1154, 622
1142, 568, 1179, 626
1187, 568, 1233, 627
1354, 582, 1406, 642
1397, 608, 1437, 648
1432, 605, 1465, 644
1457, 590, 1500, 656
1513, 604, 1548, 648
1524, 576, 1597, 649
1581, 609, 1613, 648
1610, 605, 1656, 679
1667, 604, 1701, 646
1670, 568, 1739, 644
1727, 609, 1764, 645
421, 674, 464, 760
468, 686, 506, 732
476, 645, 546, 719
532, 680, 574, 720
562, 678, 595, 720
582, 680, 618, 716
586, 645, 647, 718
1043, 670, 1082, 706
1053, 640, 1125, 707
1114, 668, 1147, 701
1136, 668, 1166, 701
1155, 670, 1191, 732
1205, 669, 1246, 746
1350, 656, 1388, 696
1390, 664, 1414, 706
1416, 666, 1449, 708
1440, 656, 1484, 715
1500, 671, 1532, 711
1524, 673, 1552, 714
1552, 674, 1595, 744
1612, 670, 1669, 755
1661, 657, 1699, 712
1692, 671, 1732, 747
1871, 682, 1900, 721
1907, 680, 1948, 724
1935, 678, 1980, 724
1964, 682, 2004, 728
1983, 684, 2024, 720
1991, 660, 2076, 727
421, 764, 463, 800
494, 801, 451, 764
498, 766, 535, 800
522, 754, 553, 802
543, 764, 580, 802
558, 742, 607, 803
596, 763, 643, 829
1004, 753, 1044, 803
1035, 756, 1075, 805
1044, 708, 1138, 801
1108, 763, 1114, 766
1107, 769, 1147, 799
1142, 732, 1182, 803
1183, 732, 1219, 800
1215, 756, 1267, 841
1351, 751, 1388, 789
1404, 758, 1444, 800
1323, 699, 1444, 801
1433, 761, 1480, 831
1491, 726, 1532, 800
1523, 753, 1566, 801
1554, 752, 1599, 816
1593, 737, 1639, 808
1766, 768, 1806, 812
1803, 766, 1835, 816
1840, 768, 1879, 813
1864, 732, 1919, 804
1905, 767, 1951, 812
1934, 769, 1966, 809
1953, 764, 1984, 807
1965, 748, 2032, 808
2047, 732, 2100, 806
425, 832, 470, 872
442, 792, 519, 869
504, 832, 543, 874
544, 826, 578, 867
577, 825, 619, 864
615, 821, 654, 858
696, 873, 639, 808
703, 822, 758, 876
741, 825, 798, 882
950, 812, 1002, 888
990, 844, 1032, 886
1022, 843, 1060, 883
1056, 824, 1100, 878
1092, 838, 1149, 876
1131, 836, 1175, 878
1157, 834, 1195, 878
1161, 816, 1244, 880
1334, 825, 1377, 860
1366, 831, 1406, 868
1442, 868, 1395, 833
1432, 828, 1473, 884
1480, 826, 1527, 884
1513, 834, 1565, 884
1538, 826, 1595, 872
1668, 834, 1750, 911
1722, 800, 1804, 874
1778, 838, 1817, 873
1818, 840, 1857, 870
1848, 836, 1894, 877
1882, 843, 1919, 880
1908, 844, 1942, 877
1922, 828, 1981, 878
1994, 823, 2026, 876
2020, 835, 2074, 879
2038, 812, 2120, 887
420, 885, 476, 945
466, 908, 507, 944
505, 915, 532, 947
526, 916, 555, 945
541, 898, 597, 945
616, 883, 655, 935
659, 899, 703, 938
687, 902, 726, 936
710, 886, 765, 939
770, 889, 821, 945
989, 896, 1038, 946
1034, 889, 1087, 954
1070, 914, 1104, 951
1094, 962, 1032, 877
1097, 904, 1145, 977
1146, 882, 1197, 960
1176, 915, 1209, 956
1203, 896, 1254, 962
1309, 905, 1365, 994
1343, 868, 1417, 955
1390, 906, 1435, 953
1457, 955, 1421, 900
1458, 902, 1490, 952
1477, 923, 1509, 993
1626, 893, 1678, 953
1660, 913, 1694, 944
1695, 914, 1732, 948
1759, 953, 1721, 912
1745, 904, 1797, 972
1805, 900, 1860, 956
1845, 919, 1878, 948
1874, 916, 1907, 952
1896, 921, 1946, 985
1946, 884, 2050, 960
2038, 921, 2104, 1016
417, 956, 485, 1033
470, 983, 500, 1032
493, 985, 525, 1028
513, 969, 562, 1024
563, 976, 622, 1020
609, 942, 681, 1040
657, 976, 681, 1017
739, 1076, 678, 974
740, 969, 795, 1040
779, 988, 818, 1031
809, 992, 840, 1034
861, 1032, 859, 1034
829, 997, 864, 1036
839, 980, 889, 1033
883, 988, 941, 1084
1002, 980, 1050, 1033
1041, 987, 1076, 1034
1065, 988, 1101, 1036
1083, 983, 1139, 1052
1135, 985, 1177, 1042
1165, 992, 1211, 1044
1185, 977, 1256, 1050
455, 2376, 529, 2517
495, 2466, 540, 2564
539, 2454, 571, 2522
579, 2471, 621, 2514
607, 2468, 643, 2511
639, 2460, 680, 2512
707, 2468, 749, 2516
733, 2474, 779, 2516
703, 2422, 785, 2520
768, 2466, 818, 2516
815, 2473, 845, 2524
833, 2472, 874, 2523
856, 2456, 919, 2526
929, 2457, 988, 2560
979, 2470, 1026, 2521
1012, 2481, 1067, 2578
1081, 2462, 1136, 2539
1142, 2458, 1176, 2535
1178, 2492, 1217, 2535
1206, 2497, 1246, 2540
1237, 2492, 1291, 2569
1277, 2423, 1366, 2547
1330, 2500, 1364, 2540
1362, 2476, 1406, 2537
1394, 2481, 1447, 2528
1418, 2461, 1502, 2536
730, 3048, 1678, 2474
1683, 2473, 1743, 2555
1721, 2420, 1770, 2528
1763, 2440, 1805, 2517
1797, 2469, 1836, 2514
1861, 2461, 1900, 2507
1887, 2449, 1932, 2516
1934, 2432, 1987, 2511
1963, 2462, 1996, 2498
1990, 2455, 2014, 2503
2015, 2459, 2045, 2506
2032, 2450, 2083, 2543
2098, 2428, 2152, 2494
2143, 2440, 2187, 2482
2175, 2448, 2207, 2488
2190, 2444, 2233, 2488
2214, 2432, 2258, 2496
2257, 2421, 2284, 2475
2293, 2437, 2343, 2512
1675, 3046, 349, 2643
456, 2540, 495, 2588
527, 2604, 487, 2561
513, 2540, 550, 2607
563, 2540, 596, 2608
596, 2573, 626, 2604
623, 2565, 662, 2613
678, 2521, 671, 2524
675, 2526, 728, 2602
711, 2559, 751, 2602
737, 2554, 788, 2631
799, 2560, 853, 2615
837, 2564, 869, 2608
871, 2571, 893, 2612
890, 2575, 927, 2612
907, 2570, 971, 2670
985, 2562, 1038, 2646
1021, 2572, 1067, 2609
1050, 2544, 1111, 2613
1097, 2572, 1135, 2615
1119, 2575, 1175, 2677
1202, 2568, 1260, 2652
1233, 2537, 1307, 2627
1286, 2575, 1324, 2617
1311, 2558, 1356, 2616
1345, 2573, 1387, 2667
1402, 2550, 1447, 2620
1431, 2575, 1483, 2620
1665, 2557, 1712, 2594
1708, 2561, 1748, 2594
1734, 2551, 1772, 2590
1763, 2548, 1816, 2618
1872, 2626, 1812, 2550
1848, 2510, 1920, 2587
1892, 2551, 1976, 2651
1972, 2520, 2024, 2583
2005, 2528, 2062, 2582
2036, 2533, 2089, 2584
2053, 2519, 2124, 2576
2136, 2508, 2182, 2571
2167, 2516, 2216, 2568
2191, 2520, 2240, 2564
2221, 2522, 2260, 2557
2274, 2556, 2221, 2492
2266, 2508, 2308, 2548
2292, 2492, 2369, 2565
450, 2620, 505, 2713
491, 2612, 530, 2676
532, 2612, 572, 2681
552, 2632, 613, 2715
640, 2628, 676, 2677
670, 2636, 704, 2680
697, 2632, 729, 2678
722, 2627, 764, 2684
766, 2636, 804, 2682
795, 2632, 828, 2680
813, 2638, 847, 2680
833, 2623, 890, 2676
943, 2612, 1013, 2685
1003, 2639, 1043, 2681
1032, 2636, 1097, 2708
1133, 2621, 1203, 2697
1185, 2641, 1221, 2682
1197, 2624, 1258, 2691
1296, 2740, 1243, 2646
1317, 2632, 1361, 2698
1349, 2649, 1386, 2692
1381, 2654, 1411, 2692
1400, 2653, 1429, 2690
1417, 2632, 1469, 2696
464, 2718, 522, 2816
513, 2716, 547, 2761
553, 2725, 581, 2760
590, 2722, 632, 2764
611, 2720, 653, 2760
636, 2704, 689, 2759
710, 2682, 763, 2752
750, 2713, 797, 2755
776, 2704, 844, 2782
837, 2715, 870, 2756
870, 2717, 910, 2758
890, 2719, 944, 2804
967, 2696, 1014, 2762
1005, 2716, 1053, 2769
1033, 2721, 1089, 2800
1069, 2723, 1113, 2774
1104, 2702, 1160, 2776
1172, 2701, 1226, 2779
1222, 2731, 1263, 2778
1251, 2732, 1312, 2777
1294, 2706, 1362, 2776
1371, 2716, 1420, 2778
1408, 2726, 1463, 2768
1444, 2709, 1504, 2771
467, 2808, 528, 2860
509, 2768, 569, 2848
548, 2803, 596, 2855
576, 2805, 639, 2875
646, 2800, 686, 2840
675, 2802, 710, 2843
694, 2794, 754, 2877
759, 2801, 794, 2848
795, 2802, 832, 2854
820, 2804, 862, 2856
844, 2780, 900, 2850
933, 2767, 1034, 2863
929, 2813, 968, 2852
1008, 2813, 1048, 2863
1036, 2808, 1080, 2864
1079, 2797, 1121, 2864
1126, 2811, 1206, 2900
1192, 2813, 1239, 2875
1216, 2796, 1261, 2867
1277, 2801, 1336, 2859
1315, 2788, 1390, 2876
1378, 2814, 1413, 2852
1420, 2812, 1456, 2856
1440, 2815, 1497, 2860
1468, 2784, 1524, 2857
474, 2852, 544, 2927
536, 2899, 556, 2926
552, 2892, 584, 2923
596, 2889, 656, 2976
643, 2844, 697, 2937
681, 2894, 712, 2932
710, 2900, 747, 2933
732, 2893, 801, 3011
809, 2892, 852, 2942
850, 2888, 891, 2949
874, 2895, 915, 2941
903, 2900, 968, 2980
976, 2882, 1024, 2934
1013, 2896, 1067, 2942
1049, 2900, 1083, 2940
1072, 2902, 1103, 2944
1084, 2882, 1145, 2947
1164, 2895, 1216, 2936
1216, 2894, 1247, 2942
1244, 2900, 1278, 2939
1260, 2874, 1328, 2945
1308, 2906, 1340, 2940
1332, 2900, 1403, 2997
1662, 2640, 1694, 2683
1664, 2605, 1754, 2681
1739, 2638, 1777, 2672
1768, 2632, 1800, 2679
1792, 2635, 1848, 2719
1845, 2594, 1899, 2680
1890, 2624, 1930, 2672
1931, 2628, 1967, 2669
1960, 2616, 2007, 2686
2014, 2600, 2076, 2657
2065, 2604, 2118, 2655
2100, 2615, 2140, 2651
2126, 2614, 2168, 2649
2141, 2596, 2211, 2648
2216, 2584, 2248, 2638
1649, 2706, 1700, 2760
1684, 2712, 1737, 2768
1726, 2682, 1769, 2759
1772, 2704, 1822, 2759
1801, 2714, 1845, 2754
1832, 2723, 1871, 2756
1856, 2684, 1916, 2756
1937, 2700, 1980, 2737
1972, 2698, 2012, 2744
2013, 2696, 2052, 2744
2032, 2701, 2066, 2732
2056, 2690, 2117, 2772
2132, 2653, 2236, 2724
2224, 2668, 2283, 2717
2249, 2639, 2309, 2721
1622, 2763, 1690, 2850
1686, 2786, 1728, 2844
1712, 2793, 1749, 2836
1734, 2792, 1770, 2837
1752, 2772, 1815, 2844
1834, 2775, 1884, 2829
1864, 2781, 1916, 2832
1905, 2786, 1944, 2826
1908, 2740, 1999, 2818
1963, 2776, 2018, 2882
2029, 2768, 2073, 2818
2067, 2773, 2104, 2814
2099, 2776, 2141, 2873
2124, 2731, 2188, 2804
2173, 2769, 2208, 2875
2195, 2728, 2269, 2792
2261, 2740, 2312, 2784
